Order,Family,ScientificName,CommonName,RangeExtent,AreaOfOccupancy,LongTermTrend,SRank,GRrank
Coleoptera,Cerambycidae,Acmaeops discoideus,Discoid Long-horned Beetle,A,A,U,S1,GNR
Coleoptera,Cerambycidae,Acmaeops proteus,Shapeless Flower Longhorn Beetle,Z,Z,AB,SH,G5
Coleoptera,Cerambycidae,Alosternida chalybaea,a long-horned beetle,Z,Z,U,SH,GNR
Coleoptera,Cerambycidae,Analeptura lineola,Lined Long-horned Beetle,F,EI,G,S4S5,G5
Coleoptera,Cerambycidae,Anastrangalia sanguinea,Bloody Flower Longhorn Beetle,Z,Z,U,SH,G5
Coleoptera,Cerambycidae,Anoplodera pubera,Downy Long-horned Beetle,E,D,AF,S3,G5
Coleoptera,Cerambycidae,Anthophylax attenuatus,Mottled Longhorned Beetle,CE,D,G,S3,G5
Coleoptera,Cerambycidae,Anthophylax cyaneus,Red-footed Long-horned Beetle,F,D,G,S4,G5
Coleoptera,Cerambycidae,Anthophylax viridis,Green Long-horned Beetle,E,C,G,S3,G5
Coleoptera,Cerambycidae,Bellamira scalaris,Ladder-marked Long-horned Beetle,F,D,G,S4,G5
Coleoptera,Cerambycidae,Brachyleptura champlaini,Champlain's Long-horned Beetle,E,C,G,S3,G5
Coleoptera,Cerambycidae,Brachyleptura circumdata,Dark-shouldered Long-horned Beetle,Z,Z,AB,SH,GNR
Coleoptera,Cerambycidae,Brachyleptura rubrica,Red-winged Long-horned Beetle,EF,D,AF,S3,G5
Coleoptera,Cerambycidae,Brachyleptura vagans,a long-horned beetle,EF,D,AF,S3,GNR
Coleoptera,Cerambycidae,Brachysomida bivittata,Double-lined Long-horned Beetle,Z,Z,AB,SH,GNR
Coleoptera,Cerambycidae,Centrodera decolorata,Discoloured Long-horned Beetle,F,D,G,S4,G5
Coleoptera,Cerambycidae,Charisalia americana,America Long-horned Beetle,A,B,U,S1,GNR
Coleoptera,Cerambycidae,Desmocerus palliatus,Elderberry Borer,F,EI,AF,S3S5,G5
Coleoptera,Cerambycidae,Encyclops caerulea,Cerulean Long-horned Beetle,B,C,AF,S2,GNR
Coleoptera,Cerambycidae,Etorofus deletus,Deleted Long-horned Beetle,U,U,U,SU,GNR
Coleoptera,Cerambycidae,Etorofus plebejus,Plebeian Long-horned Beetle,CD,C,G,S3,G5
Coleoptera,Cerambycidae,Etorofus subhamatus,Hemlock Long-horned Beetle,EF,D,G,S3?,G5
Coleoptera,Cerambycidae,Evodinus monticola,Flower Longhorn Beetle,F,DE,G,S4,G5
Coleoptera,Cerambycidae,Gaurotes cyanipennis,Cyan Long-horned Beetle,F,D,AF,S3,G5
Coleoptera,Cerambycidae,Gaurotes thoracica,a long-horned beetle,Z,Z,U,SH,GNR
Coleoptera,Cerambycidae,Grammoptera exigua,Confined Long-horned Beetle,Z,Z,AB,SH,GNR
Coleoptera,Cerambycidae,Grammoptera haematites,Dogwood Long-horned Beetle,A,B,AF,S1,G5
Coleoptera,Cerambycidae,Grammoptera subargentata,Silver Flower Longhorn Beetle,A,A,AD,S1,G5
Coleoptera,Cerambycidae,Idiopidonia pedalis,Tawny-legged Long-horned Beetle,A,B,AF,S1,G5
Coleoptera,Cerambycidae,Judolia cordifera,Chestnut Long-horned Beetle,F,EI,G,S4S5,GNR
Coleoptera,Cerambycidae,Judolia montivagans,Mountain Flower Longhorn Beetle,A,B,U,S1,G5
Coleoptera,Cerambycidae,Leptorhabdium pictum,a long-horned beetle,F,D,G,S4,GNR
Coleoptera,Cerambycidae,Leptura abdominalis,a long-horned beetle,A,B,U,SU,GNR
Coleoptera,Cerambycidae,Lepturobosca chrysocoma,Golden Flower Longhorn Beetle,Z,Z,U,SH,G5
Coleoptera,Cerambycidae,Lepturopsis biforis,Two-spotted Long-horned Beetle,F,D,AF,S3,G5
Coleoptera,Cerambycidae,Lepturopsis dolorosa,Sorrowful Long-horned Beetle,U,U,U,SU,GNR
Coleoptera,Cerambycidae,Metacmaeops vittata,Striped Long-horned Beetle,F,D,AF,S3,GNR
Coleoptera,Cerambycidae,Necydalis mellita,Slender Long-horned Beetle,D,C,U,SU,GNR
Coleoptera,Cerambycidae,Neoalosterna capitata,Helmet Long-horned Beetle,A,B,AD,S1,G5
Coleoptera,Cerambycidae,Pidonia aurata,a long-horned beetle,Z,Z,AB,SH,GNR
Coleoptera,Cerambycidae,Pidonia ruficollis,Stripe-legged Long-horned Beetle,EF,D,AF,S3,G5
Coleoptera,Cerambycidae,Pidonia vibex,Dented Long-horned Beetle,DE,D,U,SU,GNR
Coleoptera,Cerambycidae,Pseudogaurotina abdominalis,Orange-bellied Long-horned Beetle,D,C,AF,S2S3,GNR
Coleoptera,Cerambycidae,Pseudostrangalia cruentata,Cruel Long-horned Beetle,Z,Z,U,SH,GNR
Coleoptera,Cerambycidae,Pygoleptura nigrella,Rusty Flower Longhorn Beetle,A,A,AF,S1,G5
Coleoptera,Cerambycidae,Rhagium inquisitor,Ribbed Pine Borer,DE,D,AF,S3,G5
Coleoptera,Cerambycidae,Sachalinobia rugipennis,Rough-winged Long-horned Beetle,Z,Z,U,SH,G5
Coleoptera,Cerambycidae,Stenelytrana emarginata,Black-tipped Long-horned Beetle,EF,D,G,S3?,GNR
Coleoptera,Cerambycidae,Stenocorus cinnamopterus,a longhorned beetle,A,A,U,S1,GNR
Coleoptera,Cerambycidae,Stenocorus cylindricollis,a longhorned beetle,Z,Z,AB,SH,GNR
Coleoptera,Cerambycidae,Stenocorus schaumii,Schaum's Longhorn Beetle,F,D,G,S4,GNR
Coleoptera,Cerambycidae,Stenocorus vittiger,Shrub Long-horned Beetle,A,B,AF,S1,GNR
Coleoptera,Cerambycidae,Stictoleptura canadensis,Red-shouldered Long-horned Beetle,F,EI,G,S4S5,G5
Coleoptera,Cerambycidae,Strangalepta abbreviata,Abbreviated Long-horned Beetle,F,EI,AF,S3S5,G5
Coleoptera,Cerambycidae,Strangalia acuminata,Pointed Long-horned Beetle,D,C,G,S3,GNR
Coleoptera,Cerambycidae,Strangalia bicolor,Bicoloured Long-horned Beetle,Z,Z,U,SH,GNR
Coleoptera,Cerambycidae,Strangalia famelica,a longhorned beetle,E,DE,G,S3S4,GNR
Coleoptera,Cerambycidae,Strangalia luteicornis,Pale-horned Long-horned Beetle,F,E,G,S4,GNR
Coleoptera,Cerambycidae,Strangalia sexnotata,Six-spotted Flower Strangalia,F,C,U,SU,GNR
Coleoptera,Cerambycidae,Strophiona nitens,Chestnut Bark Long-horned Beetle,F,C,AD,S3,G5
Coleoptera,Cerambycidae,Trachysida aspera,Rough Flower Longhorn Beetle,A,A,U,S1,G5
Coleoptera,Cerambycidae,Trachysida mutabilis,Variable Flower Longhorn Beetle,E,D,AF,S3,G5
Coleoptera,Cerambycidae,Trigonarthris atrata,a flower longhorn beetle,A,A,U,S1,GNR
Coleoptera,Cerambycidae,Trigonarthris proxima,Proximal Long-horned Beetle,AD,C,AF,S2S3,G5
Coleoptera,Cerambycidae,Trigonarthris subpubescens,Minnesotan Long-horned Beetle,EF,D,G,S3?,G5
Coleoptera,Cerambycidae,Typocerus acuticauda,Thin-tailed Long-horned Beetle,F,D,G,S4,GNR
Coleoptera,Cerambycidae,Typocerus deceptus,a longhorned beetle,F,C,U,SU,GNR
Coleoptera,Cerambycidae,Typocerus lugubris,Mournful Long-horned Beetle,E,C,AF,S3,GNR
Coleoptera,Cerambycidae,Typocerus velutinus,Banded Longhorn,F,FI,G,S4S5,G5
Coleoptera,Cerambycidae,Typocerus zebra,a longhorned beetle,A,B,U,S1,GNR
Coleoptera,Cerambycidae,Xestoleptura octonotata,Long-winged Long-horned Beetle,DE,C,AF,S2S3,GNR
Coleoptera,Scarabaeidae,Trichiotinus affinis,Hairy Flower Scarab,EF,EI,AF,S3S5,G5
Coleoptera,Scarabaeidae,Trichiotinus assimilis,Bee-mimic Beetle,E,D,AF,S3,G5
Coleoptera,Scarabaeidae,Trichiotinus bibens,a scarab beetle,Z,Z,U,SH,G4
Coleoptera,Scarabaeidae,Trichiotinus piger,Bee-like Flower Scarab,A,B,AF,S1,G5
Coleoptera,Scarabaeidae,Trichiotinus viridans,Greenish Flower Chafer,Z,Z,U,SH,G4
Diptera,Bombyliidae,Bombylius atriceps,Black-headed Bee Fly,A,A,U,S1,GNR
Diptera,Bombyliidae,Bombylius comanche,Comanche Bee Fly,C,C,U,SU,GNR
Diptera,Bombyliidae,Bombylius fraudulentus,Deceitful Bee Fly,BE,C,U,SU,GNR
Diptera,Bombyliidae,Bombylius fulvibasoides,a bee fly,A,A,U,S1,GNR
Diptera,Bombyliidae,Bombylius incanus,a bee fly,F,D,HI,S4,GNR
Diptera,Bombyliidae,Bombylius major,Major Bee Fly,F,EI,HI,S4S5,G5
Diptera,Bombyliidae,Bombylius mexicanus,Mexican Bee Fly,AC,C,U,SU,GNR
Diptera,Bombyliidae,Bombylius pulchellus,Beautiful Bee Fly,Z,Z,U,SH,GNR
Diptera,Bombyliidae,Bombylius pygmaeus,Pygmy Bee Fly,F,D,U,SU,G5
Diptera,Bombyliidae,Bombylius varius,a bee fly,C,C,U,SU,GNR
Diptera,Syrphidae,Blera analis,Orange-tailed Wood Fly,E,C,AD,S3,G5
Diptera,Syrphidae,Blera armillata,Orange-faced Wood Fly,A,A,U,S1,G5
Diptera,Syrphidae,Blera badia,Common Wood Fly,F,D,G,S4,G5
Diptera,Syrphidae,Blera confusa,Confusing Wood Fly,D,C,G,S3,G5
Diptera,Syrphidae,Blera pictipes,Painted Wood Fly,AB,B,U,S1,G4G5
Diptera,Syrphidae,Blera umbratilis,Hairy Wood Fly,A,A,U,S1,G4G5
Diptera,Syrphidae,Brachyopa flavescens,Yellow Sapeater,F,C,U,SU,G5
Diptera,Syrphidae,Brachyopa notata,Black-banded Sapeater,F,D,G,S4,G5
Diptera,Syrphidae,Brachyopa perplexa,Hairy-striped Sapeater,F,C,U,SU,G4G5
Diptera,Syrphidae,Brachyopa vacua,Yellow-spotted Sapeater,A,A,AF,S1,G5
Diptera,Syrphidae,Ceriana abbreviata,Northern Wasp Fly,A,A,U,S1,G5
Diptera,Syrphidae,Ceriana willistoni,Williston's Wasp Fly,E,C,HI,S3,G5
Diptera,Syrphidae,Chalcosyrphus anomalus,Long-tailed Leafwalker,Z,Z,U,SH,G4G5
Diptera,Syrphidae,Chalcosyrphus anthreas,Yellow-banded Leafwalker,F,D,G,S4,G5?
Diptera,Syrphidae,Chalcosyrphus chalybeus,Violet Leafwalker,F,D,G,S4,G5
Diptera,Syrphidae,Chalcosyrphus curvaria,Yellow-haltered Leafwalker,A,B,AF,S1S2,G5
Diptera,Syrphidae,Chalcosyrphus inarmatus,Yellow-haired Leafwalker,Z,Z,U,SH,G5
Diptera,Syrphidae,Chalcosyrphus metallifer,Orange-horned Leafwalker,A,A,U,S1,G4G5
Diptera,Syrphidae,Chalcosyrphus plesia,Black-hipped Leafwalker,F,C,U,SU,G4G5
Diptera,Syrphidae,Chalcosyrphus vecors,Orange-hipped Leafwalker,F,D,G,S4,G4G5
Diptera,Syrphidae,Criorhina nigriventris,Bare-cheeked Bumblefly,F,D,HI,S2S3,G5
Diptera,Syrphidae,Criorhina verbosa,Hairy-cheeked Bumblefly,F,C,G,S1S3,G5
Diptera,Syrphidae,Doros aequalis,Canadian Potterfly,A,B,U,S1,G5
Diptera,Syrphidae,Ferdinandea buccata,Common Copperback,F,C,G,S3,G5
Diptera,Syrphidae,Hammerschmidtia rufa,Black-bristled Logsitter,A,B,U,S1,G5
Diptera,Syrphidae,Hammerschmidtia sedmani,Pale-bristled Logsitter,A,B,U,S1,G5
Diptera,Syrphidae,Lejota cyanea,Cobalt Trunksitter,A,B,U,S1,G3G5
Diptera,Syrphidae,Mallota bautias,Bare-eyed Mimic,F,EI,G,S4S5,G5
Diptera,Syrphidae,Mallota mississipensis,Eastern Mimic,Z,Z,U,SH,GNR
Diptera,Syrphidae,Mallota posticata,Hairy-eyed Mimic,F,EI,G,S4S5,G5
Diptera,Syrphidae,Microdon abditus,Broad-footed Ant Fly,D,C,U,SU,G5?
Diptera,Syrphidae,Microdon aurulentus,Golden-haired Ant Fly,A,A,U,S1,G4?
Diptera,Syrphidae,Microdon cothurnatus,Orange-legged Ant Fly,A,A,U,S1,G4G5
Diptera,Syrphidae,Microdon craigheadii,Large Metallic Ant Fly,A,B,U,S1,G4G5
Diptera,Syrphidae,Microdon globosus,Globular Ant Fly,A,A,AD,S1,G5
Diptera,Syrphidae,Microdon manitobensis,Greater Ant Fly,F,C,U,SU,G5
Diptera,Syrphidae,Microdon megalogaster,Black-bodied Ant Fly,Z,Z,U,SH,G5?
Diptera,Syrphidae,Microdon ocellaris,Hairy-legged Ant Fly,Z,Z,U,SH,G4G5
Diptera,Syrphidae,Microdon ruficrus,Spiny-shield Ant Fly,A,B,U,S1,G5
Diptera,Syrphidae,Microdon tristis,Long-horned Ant Fly,F,D,G,S4,G5
Diptera,Syrphidae,Milesia virginiensis,Virginia Giant,F,D,G,S4,G5
Diptera,Syrphidae,Myolepta nigra,Black Pegleg,F,C,G,S3,G5
Diptera,Syrphidae,Myolepta pretiosa,Dusted Pegleg,A,A,U,S1,GU
Diptera,Syrphidae,Myolepta strigilata,Scaled Pegleg,A,A,U,S1,G5
Diptera,Syrphidae,Pterallastes thoracicus,Goldenback,EF,D,G,S3?,G5
Diptera,Syrphidae,Somula decora,Spotted Wood Fly,F,D,G,S4,G5
Diptera,Syrphidae,Sphecomyia vittata,Long-horned Yellowjacket Fly,F,D,G,S4,G5
Diptera,Syrphidae,Sphegina campanulata,Orange-horned Pufftail,F,D,G,S4,G5?
Diptera,Syrphidae,Sphegina flavomaculata,Tooth-legged Pufftail,E,C,U,SU,G3G5
Diptera,Syrphidae,Sphegina keeniana,Peg-legged Pufftail,F,D,HI,S4,G4G5
Diptera,Syrphidae,Sphegina lobulifera,Black-lobed Pufftail,F,D,U,SU,G4G5
Diptera,Syrphidae,Sphegina rufiventris,Black-horned Pufftail,F,D,G,S4,G5
Diptera,Syrphidae,Spilomyia alcimus,Broad-banded Hornet Fly,EF,EI,G,S4S5,G5
Diptera,Syrphidae,Spilomyia fusca,Bald-faced Hornet Fly,F,EI,G,S4S5,G5
Diptera,Syrphidae,Spilomyia longicornis,Eastern Hornet Fly,F,EI,G,S4S5,G5
Diptera,Syrphidae,Spilomyia sayi,Four-lined Hornet Fly,F,D,G,S4,G5
Diptera,Syrphidae,Temnostoma daochus,Yellow-spotted Falsehorn,A,A,U,S1,G5
Diptera,Syrphidae,Temnostoma venustum,Black-banded Falsehorn,Z,Z,U,SH,G4G5
Diptera,Syrphidae,Teuchocnemis lituratus,Black Spur Fly,E,C,AD,S3,G5
Diptera,Syrphidae,Xanthogramma flavipes,American Harlequin,F,DE,G,S4,G5
Diptera,Syrphidae,Xylota angustiventris,Two-spotted Leafwalker,A,B,G,S1,G5?
Diptera,Syrphidae,Xylota annulifera,Longspine Leafwalker,F,D,HI,S4,G5
Diptera,Syrphidae,Xylota ejuncida,Polished Leafwalker,Z,Z,AB,SH,G4G5
Diptera,Syrphidae,Xylota flavifrons,Northern Leafwalker,A,A,U,S1,G5
Diptera,Syrphidae,Xylota flukei,Fringeless Leafwalker,A,B,U,S1,G5
Diptera,Syrphidae,Xylota naknek,Naknek Leafwalker,A,B,U,S1,G3G5
Diptera,Syrphidae,Xylota segnis,Brown-toed Leafwalker,E,C,U,SU,GNR
Diptera,Syrphidae,Xylota tuberculata,Short-spined Leafwalker,A,A,U,S1,GU
Diptera,Syrphidae,Xylota undescribed sp. 78-1,a leafwalker fly,EF,C,U,SU,GNR
Diptera,Syrphidae,Xylota undescribed sp. 78-3,a leafwalker fly,A,B,U,S1,GNR
Hymenoptera,Andrenidae,Andrena accepta,Two-spotted Miner Bee,Z,Z,U,SH,GNR
Hymenoptera,Andrenidae,Andrena algida,Icy Miner Bee,F,D,G,S3?,G5
Hymenoptera,Andrenidae,Andrena aliciae,Yellow-faced Miner Bee,A,A,U,S1,GNR
Hymenoptera,Andrenidae,Andrena alleghaniensis,Appalachian Miner Bee,F,E,G,S3,G5
Hymenoptera,Andrenidae,Andrena andrenoides,Colourful Willow Miner Bee,Z,Z,U,SH,GNR
Hymenoptera,Andrenidae,Andrena arabis,Mustard Miner Bee,DF,D,AF,S2S3,GNR
Hymenoptera,Andrenidae,Andrena asteris,Aster Miner Bee,F,D,G,S3?,GNR
Hymenoptera,Andrenidae,Andrena banksi,an andrenid bee,A,B,U,S1,GNR
Hymenoptera,Andrenidae,Andrena barbara,Barbara's Miner,F,D,HI,S3,GNR
Hymenoptera,Andrenidae,Andrena barbilabris,Bearded Miner Bee,EF,EI,AF,S2S4,G5
Hymenoptera,Andrenidae,Andrena bisalicis,Eastern Willow Miner Bee,F,D,G,S3?,GNR
Hymenoptera,Andrenidae,Andrena braccata,a mining bee,C,C,AF,S1S2,GNR
Hymenoptera,Andrenidae,Andrena bradleyi,Bradley's Miner Bee,F,D,G,S3?,GNR
Hymenoptera,Andrenidae,Andrena brevipalpis,Short-tongued Miner Bee,F,D,AF,S2S3,GNR
Hymenoptera,Andrenidae,Andrena canadensis,Canada Miner Bee,F,D,AF,S2S3,GNR
Hymenoptera,Andrenidae,Andrena carlini,Carlinville Miner Bee,F,FI,G,S3S5,G5
Hymenoptera,Andrenidae,Andrena carolina,Carolina Miner Bee,F,EI,G,S3S4,GNR
Hymenoptera,Andrenidae,Andrena ceanothi,Ceanothus Miner Bee,F,D,G,S3?,G5
Hymenoptera,Andrenidae,Andrena chromotricha,Pigmented Miner Bee,EF,D,U,S2S3,GNR
Hymenoptera,Andrenidae,Andrena clarkella,Clark's Miner Bee,EF,D,G,S2S3,GNR
Hymenoptera,Andrenidae,Andrena commoda,Advantaged Miner Bee,EF,EI,G,S3S4,GNR
Hymenoptera,Andrenidae,Andrena confederata,an andrenid bee,F,C,U,S2S3,GNR
Hymenoptera,Andrenidae,Andrena cornelli,a mining bee,A,B,AF,S1,GNR
Hymenoptera,Andrenidae,Andrena crataegi,Hawthorn Miner Bee,F,FI,G,S3S5,G5
Hymenoptera,Andrenidae,Andrena cressonii,Yellow-legged Miner Bee,F,EI,G,S3S4,G5
Hymenoptera,Andrenidae,Andrena distans,Distant Miner Bee,F,D,G,S3?,GNR
Hymenoptera,Andrenidae,Andrena dunningi,Dunning's Miner Bee,EF,EI,G,S3S4,G5
Hymenoptera,Andrenidae,Andrena duplicata,a mining bee,A,A,U,S1,GNR
Hymenoptera,Andrenidae,Andrena erigeniae,Spring Beauty Miner Bee,F,EI,G,S3S4,GNR
Hymenoptera,Andrenidae,Andrena erythrogaster,Red-bellied Miner Bee,EF,C,AF,S2?,GNR
Hymenoptera,Andrenidae,Andrena erythronii,Trout Lily Miner Bee,EF,D,G,S2S3,GNR
Hymenoptera,Andrenidae,Andrena forbesii,Forbes's Miner Bee,F,EI,G,S3S4,G5
Hymenoptera,Andrenidae,Andrena fragilis,Fragile Miner Bee,F,EI,AF,S2S4,GNR
Hymenoptera,Andrenidae,Andrena frigida,Cold Miner Bee,F,EI,G,S3S4,GNR
Hymenoptera,Andrenidae,Andrena fulvipennis,an andrenid bee,Z,Z,U,SH,GNR
Hymenoptera,Andrenidae,Andrena geranii,Geranium Miner Bee,F,D,HI,S3,GNR
Hymenoptera,Andrenidae,Andrena helianthi,Sunflower Miner Bee,BD,C,AF,S1S2,GNR
Hymenoptera,Andrenidae,Andrena heraclei,an andrenid bee,A,B,U,S1,GNR
Hymenoptera,Andrenidae,Andrena hilaris,an andrenid bee,A,B,U,S1,GNR
Hymenoptera,Andrenidae,Andrena hippotes,Hippotes's Miner Bee,F,E,G,S3,G5
Hymenoptera,Andrenidae,Andrena hirticincta,Hairy-belted Miner Bee,F,EI,G,S3S4,GNR
Hymenoptera,Andrenidae,Andrena ilicis,an andrenid bee,EF,C,U,S2S3,GNR
Hymenoptera,Andrenidae,Andrena illinoiensis,Tufted Miner Bee,Z,Z,U,SH,GNR
Hymenoptera,Andrenidae,Andrena imitatrix,Imitator Miner Bee,F,E,G,S3,G5
Hymenoptera,Andrenidae,Andrena integra,Intact Miner Bee,EF,DE,AF,S2S3,GNR
Hymenoptera,Andrenidae,Andrena krigiana,an andrenid bee,A,B,AF,S1,GNR
Hymenoptera,Andrenidae,Andrena mandibularis,Toothed Miner Bee,F,EI,G,S3S4,G5
Hymenoptera,Andrenidae,Andrena mariae,Maria Miner Bee,F,C,U,S2S3,GNR
Hymenoptera,Andrenidae,Andrena melanochroa,Rose Miner Bee,F,C,AF,S2,GNR
Hymenoptera,Andrenidae,Andrena milwaukeensis,Milwaukee Miner Bee,F,EI,G,S3S4,G5
Hymenoptera,Andrenidae,Andrena miranda,Singular Miner Bee,F,D,AD,S2S3,G5
Hymenoptera,Andrenidae,Andrena miserabilis,Smooth-faced Miner Bee,F,EI,G,S3S4,G5
Hymenoptera,Andrenidae,Andrena morrisonella,Morrison's Miner Bee,DF,D,U,S2S3,GNR
Hymenoptera,Andrenidae,Andrena nasonii,Bumped Miner Bee,F,F,G,S3S4,G5
Hymenoptera,Andrenidae,Andrena neonana,an andrenid bee,F,C,U,S2S3,GNR
Hymenoptera,Andrenidae,Andrena nida,a mining bee,A,A,U,S1,GNR
Hymenoptera,Andrenidae,Andrena nigrae,Black Miner Bee,E,C,G,S2,GNR
Hymenoptera,Andrenidae,Andrena nigrihirta,Black-haired Miner Bee,F,D,G,S3?,G5
Hymenoptera,Andrenidae,Andrena nivalis,Snow Miner Bee,F,EI,G,S3S4,G5
Hymenoptera,Andrenidae,Andrena nubecula,Cloudy-winged Miner Bee,F,EI,G,S3S4,GNR
Hymenoptera,Andrenidae,Andrena nuda,Naked Miner Bee,F,E,GI,S3,GNR
Hymenoptera,Andrenidae,Andrena parnassiae,an andrenid bee,A,A,U,S1,GNR
Hymenoptera,Andrenidae,Andrena peckhami,Peckham's Miner Bee,F,C,U,S2S3,GNR
Hymenoptera,Andrenidae,Andrena perplexa,Perplexed Miner Bee,F,EI,G,S3S4,GNR
Hymenoptera,Andrenidae,Andrena persimulata,Protuberance Miner Bee,D,D,AD,S2,GNR
Hymenoptera,Andrenidae,Andrena personata,an andrenid bee,A,A,U,S1,GNR
Hymenoptera,Andrenidae,Andrena placata,Peaceful Miner Bee,F,D,G,S3?,GNR
Hymenoptera,Andrenidae,Andrena platyparia,Plated Miner Bee,F,EI,G,S3S4,GNR
Hymenoptera,Andrenidae,Andrena pruni,an andrenid bee,EF,EI,G,S3S4,GNR
Hymenoptera,Andrenidae,Andrena regularis,Regular Miner Bee,EF,EI,G,S3S4,G5
Hymenoptera,Andrenidae,Andrena rehni,Rehn's Miner Bee,A,A,U,S1,GNR
Hymenoptera,Andrenidae,Andrena robertsonii,Robertson's Miner Bee,F,EI,G,S3S4,G5
Hymenoptera,Andrenidae,Andrena robervalensis,a miner bee,Z,Z,U,SH,GNR
Hymenoptera,Andrenidae,Andrena rufosignata,Red-faced Miner Bee,F,EI,G,S3S4,G5
Hymenoptera,Andrenidae,Andrena rugosa,Wrinkled Miner Bee,F,EI,G,S3S4,G5
Hymenoptera,Andrenidae,Andrena runcinatae,Planed Miner Bee,A,A,U,S1,G5
Hymenoptera,Andrenidae,Andrena salictaria,Small Willow Miner Bee,CD,C,AF,S1S2,GNR
Hymenoptera,Andrenidae,Andrena sigmundi,Sigmund's Miner Bee,EF,D,AF,S2S3,GNR
Hymenoptera,Andrenidae,Andrena simplex,Simple Miner Bee,F,D,G,S3?,GNR
Hymenoptera,Andrenidae,Andrena spiraeana,Goatsbeard Miner Bee,F,EI,G,S3S4,GNR
Hymenoptera,Andrenidae,Andrena thaspii,Parsnip Miner Bee,F,EI,G,S3S4,G5
Hymenoptera,Andrenidae,Andrena tridens,Trident Miner Bee,EF,DE,G,S2S3,G5
Hymenoptera,Andrenidae,Andrena uvulariae,a mining bee,A,A,U,S1,GNR
Hymenoptera,Andrenidae,Andrena vicina,Neighbouring Miner Bee,F,FI,G,S3S5,G5
Hymenoptera,Andrenidae,Andrena violae,an andrenid bee,F,D,HI,S3,GNR
Hymenoptera,Andrenidae,Andrena virginiana,Virginia Miner Bee,F,D,G,S3?,G5
Hymenoptera,Andrenidae,Andrena wheeleri,Wheeler's Miner Bee,F,D,G,S3?,G5
Hymenoptera,Andrenidae,Andrena wilkella,European Legume Miner Bee,F,FI,G,SNA,GNR
Hymenoptera,Andrenidae,Andrena w-scripta,W-marked Miner Bee,EF,D,AF,S2S3,G5
Hymenoptera,Andrenidae,Andrena ziziae,Golden Alexanders Miner Bee,E,D,G,S2S3,GNR
Hymenoptera,Andrenidae,Andrena ziziaeformis,an andrenid bee,Z,Z,U,SH,GNR
Hymenoptera,Andrenidae,Calliopsis andreniformis,Eastern Miner Bee,F,EI,G,S3S4,G5
Hymenoptera,Andrenidae,Panurginus potentillae,a miner bee,A,A,U,S1,GNR
Hymenoptera,Apidae,Bombus affinis,Rusty-patched Bumble Bee,Z,Z,AB,SH,G2
Hymenoptera,Apidae,Bombus ashtoni (= bohemicus),Ashton Cuckoo Bumble Bee,Z,Z,AB,SH,G3G5
Hymenoptera,Apidae,Bombus auricomus,Black-and-gold Bumble Bee,F,E,G,S2,G5
Hymenoptera,Apidae,Bombus bimaculatus,Two-spotted Bumble Bee,FG,G,HI,S4S5,G5
Hymenoptera,Apidae,Bombus borealis,Northern Amber Bumble Bee,F,F,G,S3,G4G5
Hymenoptera,Apidae,Bombus citrinus,Lemon Cuckoo Bumble Bee,F,E,AF,S2S3,G4
Hymenoptera,Apidae,Bombus fervidus,Yellow Bumble Bee,F,F,G,S3,G3G4
Hymenoptera,Apidae,Bombus flavidus,Fernald's Cuckoo Bumble Bee,F,D,G,S2,G5?
Hymenoptera,Apidae,Bombus griseocollis,Brown-belted Bumble Bee,FG,G,HI,S4S5,G5
Hymenoptera,Apidae,Bombus impatiens,Common Eastern Bumble Bee,FG,GH,HI,S5,G5
Hymenoptera,Apidae,Bombus insularis,Indiscriminate Cuckoo Bumble Bee,Z,Z,U,SH,G3
Hymenoptera,Apidae,Bombus pensylvanicus,American Bumble Bee,F,DE,AD,S2,G3G4
Hymenoptera,Apidae,Bombus perplexus,Confusing Bumble Bee,F,F,G,S3,G5
Hymenoptera,Apidae,Bombus rufocinctus,Red-belted Bumble Bee,F,E,G,S3,G5
Hymenoptera,Apidae,Bombus sandersoni,Sanderson's Bumble Bee,F,E,G,S3,G5
Hymenoptera,Apidae,Bombus ternarius,Tri-colored Bumble Bee,F,FI,G,S4S5,G5
Hymenoptera,Apidae,Bombus terricola,Yellow-banded Bumble Bee,F,F,G,S3,G3G4
Hymenoptera,Apidae,Bombus vagans,Half-black Bumble Bee,FG,FI,G,S5,G4
Hymenoptera,Apidae,Epeoloides pilosula,Macropis Cuckoo Bee,A,B,AD,S1,GU
Hymenoptera,Apidae,Melissodes agilis,Agile Long-horned Bee,EF,D,G,S2S3,GNR
Hymenoptera,Apidae,Melissodes apicatus,Pickerelweed Long-horned Bee,F,D,G,S3?,GNR
Hymenoptera,Apidae,Melissodes bidentis,Two-toothed Long-horned Bee,E,C,U,S2,GNR
Hymenoptera,Apidae,Melissodes bimaculatus,Two-spotted Long-horned Bee,F,FI,G,S3S5,GNR
Hymenoptera,Apidae,Melissodes boltoniae,a callirhoe bee,A,B,U,S1,GNR
Hymenoptera,Apidae,Melissodes denticulatus,Denticulate Long-horned Bee,E,E,G,S3,GNR
Hymenoptera,Apidae,Melissodes dentiventris,Tooth-bellied Long-horned Bee,E,D,U,S2S3,GNR
Hymenoptera,Apidae,Melissodes desponsus,Thistle Long-horned Bee,F,EI,G,S3S4,GNR
Hymenoptera,Apidae,Melissodes druriellus,Drury's Long-horned Bee,F,E,G,S3,GNR
Hymenoptera,Apidae,Melissodes illatus,Valiant Long-horned Bee,F,E,G,S3,GNR
Hymenoptera,Apidae,Melissodes niveus,a callirhoe bee,E,C,U,S2,GNR
Hymenoptera,Apidae,Melissodes subillatus,Vigorous Long-horned Bee,F,EI,G,S3S4,GNR
Hymenoptera,Apidae,Melissodes trinodis,Three-knotted Long-horned Bee,EF,EI,G,S3S4,GNR
Hymenoptera,Megachilidae,Megachile addenda,Cranberry Leafcutter Bee,EF,D,U,S2S3,G5
Hymenoptera,Megachilidae,Megachile apicalis,Apical Leafcutter Bee,D,D,U,SNA,G4G5
Hymenoptera,Megachilidae,Megachile brevis,Short Leafcutter Bee,F,DE,G,S3?,G5
Hymenoptera,Megachilidae,Megachile campanulae,Bellflower Leafcutter Bee,F,E,G,S3,G5
Hymenoptera,Megachilidae,Megachile centuncularis,Common Leafcutter Bee,EF,EI,G,S3S4,G5
Hymenoptera,Megachilidae,Megachile ericetorum,a leafcutter bee,A,B,U,S1,GNR
Hymenoptera,Megachilidae,Megachile exilis,a leafcutter bee,A,A,U,S1,G5
Hymenoptera,Megachilidae,Megachile frigida,Frigid Leafcutter Bee,F,EI,G,S3S4,G5
Hymenoptera,Megachilidae,Megachile frugalis,a leafcutter bee,A,B,U,S1,G4G5
Hymenoptera,Megachilidae,Megachile gemula,Small-handed Leafcutter Bee,F,E,G,S3,G5
Hymenoptera,Megachilidae,Megachile gentilis,Gentle Leafcutter Bee,A,A,U,S1,G5
Hymenoptera,Megachilidae,Megachile georgica,a leafcutter bee,A,A,U,S1,G4
Hymenoptera,Megachilidae,Megachile inermis,Unarmed Leafcutter Bee,F,E,G,S3,G5
Hymenoptera,Megachilidae,Megachile inimica,Hostile Leaf-cutter Bee,EF,D,HI,S2S3,G5
Hymenoptera,Megachilidae,Megachile lapponica,Lapland Leafcutter Bee,F,E,HI,S3,G5
Hymenoptera,Megachilidae,Megachile latimanus,Broad-handed Leafcutter Bee,F,EI,G,S3S4,G5
Hymenoptera,Megachilidae,Megachile lippiae,Lippia Leafcutter Bee,D,C,U,S2,G5
Hymenoptera,Megachilidae,Megachile melanophaea,Black-and-gray Leafcutter Bee,F,D,AF,S2S3,G5
Hymenoptera,Megachilidae,Megachile mendica,Beggar Leafcutter Bee,FG,FI,G,S3S5,G5
Hymenoptera,Megachilidae,Megachile montivaga,Hills Leafcutter Bee,F,D,U,S3?,G5
Hymenoptera,Megachilidae,Megachile mucida,a leafcutter bee,DE,C,U,S2,G4
Hymenoptera,Megachilidae,Megachile petulans,Petulant Leaf-cutter Bee,A,A,U,S1,G5
Hymenoptera,Megachilidae,Megachile pugnata,Pugnacious Leafcutter Bee,EF,EI,GI,S3S5,G5
Hymenoptera,Megachilidae,Megachile pusilla,a leaf-cutter bee,C,D,U,SNA,G5
Hymenoptera,Megachilidae,Megachile relativa,Relative Leafcutter Bee,F,EI,G,S3S4,G5
Hymenoptera,Megachilidae,Megachile rotundata,Alfalfa Leafcutter Bee,EF,EI,G,SNA,G5
Hymenoptera,Megachilidae,Megachile rugifrons,a leafcutter bee,Z,Z,U,SH,G2G3
Hymenoptera,Megachilidae,Megachile sculpturalis,Giant Leafcutter Bee,F,FI,HI,SNA,G5
Hymenoptera,Megachilidae,Megachile texana,Texas Leafcutter Bee,EF,EI,G,S3S4,G5
Hymenoptera,Megachilidae,Osmia albiventris,White-bellied Mason Bee,F,D,G,S3?,G4?
Hymenoptera,Megachilidae,Osmia atriventris,Maine Blueberry Bee,F,E,G,S3,G5
Hymenoptera,Megachilidae,Osmia bucephala,Bufflehead Mason Bee,F,EI,G,S3S4,G5
Hymenoptera,Megachilidae,Osmia caerulescens,Blue Mason Bee,F,C,AF,SNA,G5
Hymenoptera,Megachilidae,Osmia calaminthae,Blue Calamintha Bee,U,U,U,SU,G1
Hymenoptera,Megachilidae,Osmia chalybea,a mason bee,A,A,U,S1,G4G5
Hymenoptera,Megachilidae,Osmia collinsiae,Collins's Mason Bee,F,D,U,S3?,G5
Hymenoptera,Megachilidae,Osmia conjuncta,Eastern Snail Shell Mason Bee,D,D,U,S2S3,G5
Hymenoptera,Megachilidae,Osmia cornifrons,Hornfaced Bee,F,EI,HI,SNA,G5
Hymenoptera,Megachilidae,Osmia distincta,Distinct Mason Bee,F,D,G,S3?,G5
Hymenoptera,Megachilidae,Osmia felti,Felt's Mason Bee,A,B,U,S1,G2G4
Hymenoptera,Megachilidae,Osmia georgica,Georgia Mason Bee,EF,D,U,S2S3,G5
Hymenoptera,Megachilidae,Osmia inermis,Unarmed Mason Bee,F,D,U,S3?,G5
Hymenoptera,Megachilidae,Osmia inspergens,Shiny-faced Mason Bee,F,D,U,S3?,G5
Hymenoptera,Megachilidae,Osmia laticeps,Holarctic Blueberry Mason Bee,A,A,U,S1,G5
Hymenoptera,Megachilidae,Osmia lignaria,Blue Orchard Bee,F,E,G,S3,G5
Hymenoptera,Megachilidae,Osmia nigriventris,Large Black-bellied Mason Bee,A,A,U,S1,G5
Hymenoptera,Megachilidae,Osmia proxima,Friendly Mason Bee,A,A,AF,S1,G4G5
Hymenoptera,Megachilidae,Osmia pumila,Dwarf Mason Bee,F,FI,G,S3S5,G5
Hymenoptera,Megachilidae,Osmia simillima,Similar Mason Bee,AE,C,AF,S1S2,G5
Hymenoptera,Megachilidae,Osmia subarctica,a mason bee,A,A,U,S1,G2G4Q
Hymenoptera,Megachilidae,Osmia taurus,a mason bee,F,D,HI,SNA,G5
Hymenoptera,Megachilidae,Osmia tersula,Wide-banded Mason Bee,D,C,U,S2,G5
Hymenoptera,Megachilidae,Osmia texana,Texas Mason Bee,A,B,U,S1,G5
Hymenoptera,Megachilidae,Osmia virga,Twig Mason Bee,F,D,HI,S3,G5
Hymenoptera,Melittidae,Macropis ciliata,Fringed Loosestrife Oil-collecting Bee,C,C,AF,S1S2,GNR
Hymenoptera,Melittidae,Macropis nuda,Common Loosestrife Oil Bee,F,D,AF,S2?,GNR
Hymenoptera,Melittidae,Macropis patellata,Patellar Oil-collecting Bee,D,C,AF,S1S2,GNR
Hymenoptera,Melittidae,Melitta americana,Cranberry Oil Bee,Z,Z,U,SH,GNR
Hymenoptera,Melittidae,Melitta eickworti,Deerberry Melitta,A,B,U,S1,GNR
Hymenoptera,Melittidae,Melitta melittoides,a melittid bee,A,A,U,S1,GNR
Lepidoptera,Noctuidae,Schinia arcigera,Arcigera Flower Moth,F,EI,G,S4S5,G5
Lepidoptera,Noctuidae,Schinia florida,Evening Primrose Moth,F,EI,G,S4S5,G5
Lepidoptera,Noctuidae,Schinia gracilenta,Slender Flower Moth,D,D,U,SU,G4G5
Lepidoptera,Noctuidae,Schinia lynx,Lynx Flower Moth,F,D,G,S4,G5
Lepidoptera,Noctuidae,Schinia nubila,Camphorweed Flower Moth,C,D,HI,S3,G5
Lepidoptera,Noctuidae,Schinia nundina,Goldenrod Flower Moth,EF,D,G,S3?,G5
Lepidoptera,Noctuidae,Schinia obscurata,Erigeron Flower Moth,F,C,G,S3,G4
Lepidoptera,Noctuidae,Schinia rivulosa,Ragweed Flower Moth,F,E,G,S4,G5
Lepidoptera,Noctuidae,Schinia saturata,Brown Flower Moth,C,D,U,SU,G5
Lepidoptera,Noctuidae,Schinia septentrionalis,Northern Flower Moth,Z,Z,AB,SH,G3G4
Lepidoptera,Noctuidae,Schinia spinosae,Spinose Flower Moth,D,D,U,SU,G4
Lepidoptera,Noctuidae,Schinia thoreaui,Thoreau's Flower Moth,U,U,U,SU,G5
Lepidoptera,Noctuidae,Schinia trifascia,Three-lined Flower Moth,EF,DE,G,S3S4,G5
Lepidoptera,Noctuidae,Schinia tuberculum,Golden Aster Flower Moth,A,A,U,S1,G4
Lepidoptera,Sphingidae,Aellopos tantalus,Tantalus Sphinx,U,U,U,SNA,G4G5
Lepidoptera,Sphingidae,Aellopos titan,Titan Sphinx,A,A,U,SNA,G5
Lepidoptera,Sphingidae,Agrius cingulata,Pink-spotted Hawk Moth,F,D,G,SNA,G5
Lepidoptera,Sphingidae,Amorpha juglandis,Walnut Sphinx Moth,F,EI,G,S4S5,G5
Lepidoptera,Sphingidae,Amphion floridensis,Nessus Sphinx Moth,F,FI,G,S4S5,G5
Lepidoptera,Sphingidae,Cautethia grotei,Grote's Sphinx,Z,Z,U,SNA,G4
Lepidoptera,Sphingidae,Ceratomia amyntor,Elm Sphinx Moth,F,EI,G,S4S5,G5
Lepidoptera,Sphingidae,Ceratomia catalpae,Catalpa Hornworm,DE,D,U,SU,G5
Lepidoptera,Sphingidae,Ceratomia undulosa,Waved Sphinx Moth,F,FI,G,S3S4,G5
Lepidoptera,Sphingidae,Darapsa choerilus,Azalea Sphinx Moth,F,EI,AF,S3S5,G5
Lepidoptera,Sphingidae,Darapsa myron,Virginia Creeper Sphinx,F,FI,G,S4S5,G5
Lepidoptera,Sphingidae,Darapsa versicolor,Hydrangea Sphinx,F,D,AD,S2,G4?
Lepidoptera,Sphingidae,Deidamia inscripta,Lettered Sphinx,F,EI,G,S4S5,G5
Lepidoptera,Sphingidae,Dolba hyloeus,Pawpaw Sphinx Moth,F,E,G,S4,G5
Lepidoptera,Sphingidae,Enyo lugubris,Mournful Sphinx,Z,Z,U,SNA,G5
Lepidoptera,Sphingidae,Erinnyis ello,Ello Sphinx,U,U,AB,SNA,G5
Lepidoptera,Sphingidae,Eumorpha achemon,Achemon Sphinx,D,C,AD,SNA,G5
Lepidoptera,Sphingidae,Eumorpha fasciatus,Banded Sphinx,D,D,HI,S3,G5
Lepidoptera,Sphingidae,Eumorpha pandorus,Pandorus Sphinx,F,FI,GI,S4S5,G5
Lepidoptera,Sphingidae,Eumorpha satellitia,Satellite Sphinx,A,A,U,SNA,G5
Lepidoptera,Sphingidae,Eumorpha vitis,Vine Sphinx,U,U,U,SNA,G5
Lepidoptera,Sphingidae,Hemaris aethra,a bumblebee clearwing,A,B,U,S1,G4
Lepidoptera,Sphingidae,Hemaris diffinis,Snowberry Clearwing,F,FI,GI,S4S5,G5
Lepidoptera,Sphingidae,Hemaris gracilis,Slender Clearwing,F,D,G,S4,G3G4
Lepidoptera,Sphingidae,Hemaris thysbe,Hummingbird Clearwing,FG,GI,GI,S5,G5
Lepidoptera,Sphingidae,Hyles euphorbiae,Leafy Spurge Hawkmoth,F,D,U,SNA,G5
Lepidoptera,Sphingidae,Hyles gallii,Galium Sphinx,F,FI,G,S4S5,G5
Lepidoptera,Sphingidae,Hyles lineata,White-lined Sphinx Moth,EF,EI,AF,S3S5,G5
Lepidoptera,Sphingidae,Lapara bombycoides,Northern Pine Sphinx Moth,F,EI,G,S4S5,G5
Lepidoptera,Sphingidae,Lapara coniferarum,Southern Pine Sphinx,F,D,AF,S3,G5
Lepidoptera,Sphingidae,Lintneria eremitus,Hermit Sphinx Moth,F,EI,G,S4S5,G4G5
Lepidoptera,Sphingidae,Manduca brontes,Cuban Sphinx Moth,U,U,U,SNA,GNR
Lepidoptera,Sphingidae,Manduca jasminearum,Ash Sphinx,C,C,AF,S1,G4G5
Lepidoptera,Sphingidae,Manduca quinquemaculata,Five-spotted Hawk Moth,F,D,AD,S3,G5
Lepidoptera,Sphingidae,Manduca rustica,Rustic Sphinx,A,A,U,SNA,G5
Lepidoptera,Sphingidae,Manduca sexta,Carolina Sphinx,F,FI,G,S4S5,G5
Lepidoptera,Sphingidae,Pachysphinx modesta,Big Poplar Sphinx Moth,F,EI,G,S4S5,G5
Lepidoptera,Sphingidae,Paonias astylus,Huckleberry Sphinx,E,D,G,S3,G4G5
Lepidoptera,Sphingidae,Paonias excaecata,Blinded Sphinx Moth,F,FI,G,S4S5,G5
Lepidoptera,Sphingidae,Paonias myops,Small-eyed Sphinx Moth,F,FI,G,S4S5,G5
Lepidoptera,Sphingidae,Paratrea plebeja,Trumpet Vine Sphinx,D,C,G,S3,G5
Lepidoptera,Sphingidae,Proserpinus flavofasciata,Yellow-banded Day Sphinx Moth,Z,Z,U,SH,G4G5
Lepidoptera,Sphingidae,Smerinthus cerisyi,One-eyed Sphinx Moth,EF,EI,G,S4S5,G5
Lepidoptera,Sphingidae,Smerinthus jamaicensis,Twin-spotted Sphinx Moth,F,EI,AF,S3S5,G5
Lepidoptera,Sphingidae,Sphecodina abbottii,Abbott's Sphinx Moth,F,EI,G,S4S5,G5
Lepidoptera,Sphingidae,Sphinx canadensis,Canadian Sphinx Moth,D,C,U,S2,G4
Lepidoptera,Sphingidae,Sphinx chersis,Great Ash Sphinx Moth,F,EI,AD,S2S4,G4
Lepidoptera,Sphingidae,Sphinx drupiferarum,Wild Cherry Sphinx Moth,C,C,AD,S1S2,G3G5
Lepidoptera,Sphingidae,Sphinx franckii,Franck's Sphinx,A,A,U,S1,G4G5
Lepidoptera,Sphingidae,Sphinx gordius,Apple Sphinx Moth,F,D,AD,S3,G4G5
Lepidoptera,Sphingidae,Sphinx kalmiae,Fawn Sphinx Moth,F,EI,G,S3S4,G5
Lepidoptera,Sphingidae,Sphinx luscitiosa,Clemens' Sphinx,A,A,AD,S1,G5
Lepidoptera,Sphingidae,Sphinx poecila,Northern Apple Sphinx Moth,F,DE,G,S4,G5
Lepidoptera,Sphingidae,Xylophanes tersa,Tersa Sphinx,DE,D,G,SNA,G5
